[
	{
		"key": "datr",
		"value": "Xwc8YiLbiIAVJiDuiMoyK-XV",
		"domain": "facebook.com",
		"path": "/",
		"hostOnly": false,
		"creation": "2022-03-27T06:52:24.961Z",
		"lastAccessed": "2022-03-27T06:52:32.747Z"
	},
	{
		"key": "sb",
		"value": "Xwc8YiMMT7iRAlEDTwEt9ifF",
		"domain": "facebook.com",
		"path": "/",
		"hostOnly": false,
		"creation": "2022-03-27T06:52:26.481Z",
		"lastAccessed": "2022-03-27T06:52:32.747Z"
	},
	{
		"key": "m_pixel_ratio",
		"value": "3",
		"domain": "facebook.com",
		"path": "/",
		"hostOnly": false,
		"creation": "2022-03-27T06:52:26.689Z",
		"lastAccessed": "2022-03-27T06:52:32.747Z"
	},
	{
		"key": "fr",
		"value": "0LGth1VTRorNgVIdz.AWWOXPoDet6SybEI49OyRpyDAEo.BiPAdf.uU.AAA.0.0.BiPAd1.AWXn8ajb2BY",
		"domain": "facebook.com",
		"path": "/",
		"hostOnly": false,
		"creation": "2022-03-27T06:52:26.727Z",
		"lastAccessed": "2022-03-27T06:52:32.747Z"
	},
	{
		"key": "c_user",
		"value": "100078649080930",
		"domain": "facebook.com",
		"path": "/",
		"hostOnly": false,
		"creation": "2022-03-27T06:52:26.767Z",
		"lastAccessed": "2022-03-27T06:52:32.747Z"
	},
	{
		"key": "xs",
		"value": "27%3ATyPnFf65jD90qg%3A2%3A1648101237%3A-1%3A9935",
		"domain": "facebook.com",
		"path": "/",
		"hostOnly": false,
		"creation": "2022-03-27T06:52:26.802Z",
		"lastAccessed": "2022-03-27T06:52:32.747Z"
	},
	{
		"key": "wd",
		"value": "360x646",
		"domain": "facebook.com",
		"path": "/",
		"hostOnly": false,
		"creation": "2022-03-27T06:52:26.831Z",
		"lastAccessed": "2022-03-27T06:52:32.747Z"
	},
	{
		"key": "datr",
		"value": "Xwc8YiLbiIAVJiDuiMoyK-XV",
		"domain": "facebook.com",
		"path": "/",
		"hostOnly": false,
		"creation": "2022-03-27T06:52:24.961Z",
		"lastAccessed": "2022-03-27T06:52:32.747Z"
	},
	{
		"key": "sb",
		"value": "Xwc8YiMMT7iRAlEDTwEt9ifF",
		"domain": "facebook.com",
		"path": "/",
		"hostOnly": false,
		"creation": "2022-03-27T06:52:26.481Z",
		"lastAccessed": "2022-03-27T06:52:32.747Z"
	},
	{
		"key": "m_pixel_ratio",
		"value": "3",
		"domain": "facebook.com",
		"path": "/",
		"hostOnly": false,
		"creation": "2022-03-27T06:52:26.689Z",
		"lastAccessed": "2022-03-27T06:52:32.747Z"
	},
	{
		"key": "fr",
		"value": "0LGth1VTRorNgVIdz.AWWOXPoDet6SybEI49OyRpyDAEo.BiPAdf.uU.AAA.0.0.BiPAd1.AWXn8ajb2BY",
		"domain": "facebook.com",
		"path": "/",
		"hostOnly": false,
		"creation": "2022-03-27T06:52:26.727Z",
		"lastAccessed": "2022-03-27T06:52:32.747Z"
	},
	{
		"key": "c_user",
		"value": "100078649080930",
		"domain": "facebook.com",
		"path": "/",
		"hostOnly": false,
		"creation": "2022-03-27T06:52:26.767Z",
		"lastAccessed": "2022-03-27T06:52:32.747Z"
	},
	{
		"key": "xs",
		"value": "27%3ATyPnFf65jD90qg%3A2%3A1648101237%3A-1%3A9935",
		"domain": "facebook.com",
		"path": "/",
		"hostOnly": false,
		"creation": "2022-03-27T06:52:26.802Z",
		"lastAccessed": "2022-03-27T06:52:32.747Z"
	},
	{
		"key": "wd",
		"value": "360x646",
		"domain": "facebook.com",
		"path": "/",
		"hostOnly": false,
		"creation": "2022-03-27T06:52:26.831Z",
		"lastAccessed": "2022-03-27T06:52:32.747Z"
	}
]